epoch,Pedestrian_Signal_Blue,Pedestrian_Signal_Red,Traffic_Signal_Blue,Traffic_Signal_Red,Traffic_Signal_Yellow,
1,0.98333,0.95,0.9,0.91333,0.96,
2,0.96667,0.95,0.96,0.92,0.9,
3,0.93333,0.925,0.88,0.91333,0.9,
4,0.94167,0.925,0.92,0.92667,0.88,
5,0.93333,0.95,0.9,0.90667,0.9,
6,0.925,0.95,0.96,0.9,0.86,
7,0.94167,0.95,0.92,0.9,0.88,
8,0.95833,0.925,0.9,0.9,0.88,
9,0.95,0.95,0.9,0.90667,0.9,
10,0.93333,0.975,0.9,0.91333,0.9,
11,0.925,0.95,0.92,0.9,0.92,
12,0.925,0.925,0.92,0.89333,0.92,
