epoch, box_loss, cls_loss, loss
1,0.0003052282,0.108186975,0.21575144
2,0.00033908844,0.09262064,0.20189136
3,0.00033219735,0.10428818,0.2132085
4,0.0003345073,0.0912839,0.20030025
5,0.0003404087,0.091024816,0.20032376
6,0.00036995727,0.088214256,0.198988
7,0.00034997927,0.083944865,0.19370423
8,0.00034812768,0.08212515,0.19177026
9,0.000367324,0.08391377,0.19449769
10,0.00036898477,0.08483846,0.19548272
11,0.0003556114,0.08142674,0.19137873
12,0.00035812476,0.080190115,0.1902397
